,District,District Code,School Code,School Name,number,score,vote
0,Modesto City High,71175,110593,James C. Enochs High,41,58.3902439024,0.503361941726
1,Fresno Unified,62166,108555,Design Science Early College,23,82.9130434783,0.638969873664
2,Pomona Unified,64907,1933324,Garey Senior High,12,58.0,0.694546617624
3,Redlands Unified,67843,118802,Citrus Valley High,96,71.0,0.455927591103
4,Anaheim Union High,66431,3033115,John F. Kennedy High,292,79.1712328767,0.620361429163
5,Corona-Norco Unified,67033,110627,Eleanor Roosevelt High,233,64.0600858369,0.469943247562
6,Santa Ana Unified,66670,114736,Hector G. Godinez,11,82.0,0.673099513341
7,Clovis Unified,62117,1030196,Clovis West High,118,46.8474576271,0.410257742673
8,Chaffey Joint Union High,67652,3631157,Colony High,25,64.4,0.584564584732
9,William S. Hart Union High,65136,102459,Golden Valley High,24,91.5416666667,0.493247068338
10,Murrieta Valley Unified,75200,100420,Vista Murrieta High,29,75.6206896552,0.408031308491
11,East Side Union High,69427,4333639,Lick (James) High,55,36.4727272727,0.790654620853
12,Poway Unified,68296,3731528,Westview High,77,74.0649350649,0.590174713507
13,El Monte Union High,64519,1937481,Rosemead High,1072,64.1632462687,0.809498750164
14,Fremont Unified,61176,135244,Mission San Jose High,27,59.3703703704,0.766219839142
15,Elk Grove Unified,67314,3430477,Florin High,860,37.4627906977,0.724257282954
16,West Covina Unified,65094,1939537,West Covina High,227,75.1894273128,0.722227984649
17,West Contra Costa Unified,61796,735316,Pinole Valley High,102,43.7352941176,0.820333432569
18,Corona-Norco Unified,67033,3334232,Norco High,12,75.0,0.521374277896
19,Simi Valley Unified,72603,5636188,Simi Valley High,11,45.0,0.510060259422
20,Redlands Unified,67843,3630779,Redlands East Valley High,12,42.0,0.560438237419
21,Clovis Unified,62117,1031053,Clovis High,217,59.5115207373,0.398396767466
22,Berkeley Unified,61143,131177,Berkeley High,150,39.4333333333,0.95595970901
23,Sacramento City Unified,67439,3430519,Capital City,18,22.0,0.810262114997
24,Elk Grove Unified,67314,3432572,Elk Grove High,28,49.75,0.53358802929
25,Lodi Unified,68585,3930237,Bear Creek High,406,46.2931034483,0.613983375582
26,Fresno Unified,62166,1030279,Bullard High,56,48.0535714286,0.571761688236
27,Sacramento City Unified,67439,3434636,Johnson (Hiram W.) High,592,30.2702702703,0.797459584296
28,Fresno Unified,62166,1030287,Young Academic Center,51,13.6862745098,0.770626242545
29,Torrance Unified,65060,1939602,West High,261,65.8812260536,0.643809331448
30,Hayward Unified,61192,135319,Mt. Eden High,176,47.2443181818,0.805712270804
31,Rowland Unified,73452,1937564,Rowland (John A.) High,627,67.5741626794,0.58049122807
32,Elk Grove Unified,67314,116897,Cosumnes Oaks High,45,62.4666666667,0.635654169855
33,Jefferson Union High,68924,4135075,Oceana High,11,64.0,0.814388961892
34,Fullerton Joint Union High,66514,3037348,Sunny Hills High,135,84.4,0.634521880065
35,Banning Unified,66985,3330214,Banning High,92,25.9565217391,0.449500318945
36,San Juan Unified,67447,3436714,Rio Americano High,11,45.0,0.613832853026
37,Pittsburg Unified,61788,735407,Pittsburg Senior High,51,41.0,0.811901646119
38,Natomas Unified,75283,3430584,Natomas High,48,62.1458333333,0.638572425017
39,Tracy Joint Unified,75499,3930302,Merrill F. West High,96,46.7291666667,0.628774661119
40,Elk Grove Unified,67314,3430592,Laguna Creek High,258,48.4031007752,0.669520992267
41,San Diego Unified,68338,3733698,Madison High,55,59.7090909091,0.604657849339
42,Manteca Unified,68593,3930310,Sierra High,78,47.4487179487,0.507855822551
43,San Mateo Union High,69047,4133070,Hillsdale High,12,25.0,0.779979830754
44,Los Angeles Unified,64733,1935568,John Marshall Senior High,260,72.6961538462,0.690659481653
45,Elk Grove Unified,67314,108753,Pleasant Grove High,299,64.2976588629,0.53358802929
46,Los Angeles Unified,64733,1931476,Canoga Park Senior High,35,51.1714285714,0.744038635678
47,Glendale Unified,64568,1933530,Glendale High,11,91.0,0.649555830428
48,San Francisco Unified,68478,3834082,Mission High,295,33.2305084746,0.938423268274
49,Twin Rivers Unified,76505,3430634,Elwood J. Keema High,12,8.0,0.524216204068
50,East Side Union High,69427,4337903,Silver Creek High,758,59.4591029024,0.772476732629
51,Mt. Diablo Unified,61754,731380,Clayton Valley High,27,42.3703703704,0.66013560674
52,Modesto City High,71175,5030135,Johansen (Peter) High,26,34.3846153846,0.298161470823
53,Tracy Joint Unified,75499,119040,John C. Kimball High,91,44.8571428571,0.622109275731
54,Riverside Unified,67215,3334406,North (John W.) High,24,58.5,0.6940433213
55,Los Angeles Unified,64733,121095,Ambassador School of Global,28,25.0,0.823566084788
56,San Francisco Unified,68478,3830031,Wells (Ida B.) High,11,9.0,0.910737683438
57,Sacramento City Unified,67439,3434768,Kennedy (John F.) High,472,43.9300847458,0.746039824416
58,Orange Unified,66621,3035409,Orange High,80,53.825,0.569069526537
59,Fremont Union High,69468,4331799,Cupertino High,77,54.8441558442,0.810852120749
60,Alhambra Unified,75713,1937697,San Gabriel High,1771,69.1033314512,0.733281579239
61,East Side Union High,69427,4335907,Piedmont Hills High,486,63.0452674897,0.675513501039
62,Riverside Unified,67215,3336492,Ramona High,11,55.0,0.554218787348
63,Livermore Valley Joint Unified,61200,134536,Livermore High,24,49.875,0.429708222812
64,Fullerton Joint Union High,66514,3037496,Troy High,68,91.3235294118,0.591143294806
65,Fresno Unified,62166,1032507,Fresno High,257,31.9027237354,0.571761688236
66,South San Francisco Unified,69070,4137279,South San Francisco High,58,43.1379310345,0.823785517874
67,Lodi Unified,68585,3930443,Middle College High,22,95.5,0.594881537774
68,San Jose Unified,69666,4335949,Pioneer High,28,74.8928571429,0.722009598445
69,Upland Unified,75069,3637584,Upland High,67,62.9701492537,0.610185756392
70,Long Beach Unified,64725,1935758,Millikan High,35,54.3714285714,0.575231756596
71,Moreno Valley Unified,67124,3330396,Canyon Springs High,15,60.0,0.601864262215
72,Clovis Unified,62117,1030501,Buchanan High,163,59.6012269939,0.398396767466
73,Tustin Unified,73643,3037553,Tustin High,40,72.3,0.624855443582
74,San Leandro Unified,61291,137588,San Leandro High,389,48.6812339332,0.737482842991
75,Hacienda la Puente Unified,73445,1939834,Glen A. Wilson High,246,74.0447154472,0.629021981523
76,Selma Unified,62430,1036672,Selma High,24,87.4166666667,0.409964736662
77,Moreno Valley Unified,67124,3330438,Valley View High,11,82.0,0.546990496304
78,Caruthers Unified,75598,1030535,Caruthers High,11,55.0,0.386666666667
79,Turlock Unified,75739,5030283,Pitman (John H.) High,98,58.0306122449,0.434776749618
80,Corona-Norco Unified,67033,3330446,Centennial High,107,72.7757009346,0.432162875041
81,Los Angeles Unified,64733,1939859,Woodrow Wilson Senior High,60,65.25,0.750386750387
82,Long Beach Unified,64725,1939875,Wilson High,317,41.0220820189,0.742538438348
83,Washington Unified,72694,5735154,River City Senior High,220,43.8863636364,0.782843431314
84,Beaumont Unified,66993,3330479,Beaumont Senior High,29,51.5517241379,0.465511092089
85,Twin Rivers Unified,76505,3436979,Rio Linda High,210,32.2714285714,0.671213208902
86,Oxnard Union High,72546,5630389,Pacifica,23,69.8695652174,0.647087467283
87,Fresno Unified,62166,1030584,Cambridge Cont. High,29,0.0,0.568887253098
88,Los Angeles Unified,64733,1931708,Chatsworth Senior High,238,52.0966386555,0.545961333175
89,San Francisco Unified,68478,3830205,Wallenberg (Raoul) Traditiona,394,59.4060913706,0.885810926529
90,Marysville Joint Unified,72736,5835202,Marysville High,32,34.625,0.226726726727
91,Sacramento City Unified,67439,3430865,West Campus,255,77.3960784314,0.797459584296
92,Hacienda la Puente Unified,73445,1939925,Workman (William) High,11,64.0,0.765904748425
93,Tustin Unified,73643,102871,Arnold O. Beckman High,43,74.4651162791,0.624855443582
94,Elk Grove Unified,67314,3430873,Franklin High,424,59.2311320755,0.635654169855
95,West Contra Costa Unified,61796,733659,Kennedy High,13,23.0,0.886746643816
96,Antioch Unified,61648,117218,Dozier-Libbey Medical High,11,100.0,0.720506845325
97,Los Angeles Unified,64733,1939941,John F. Kennedy High,15,47.0,0.607977991747
98,Kern Union High,63529,1530344,Stockdale High,30,70.0,0.815833333333
99,Garden Grove Unified,66522,3033578,La Quinta High,1601,71.7713928795,0.601399900892
100,Stockton Unified,68676,3932654,Franklin High,154,24.5909090909,0.546288209607
101,Whittier Union High,65128,1937903,Santa Fe High,11,82.0,0.783517010062
102,Val Verde Unified,75242,3330552,Rancho Verde High,28,67.7142857143,0.553964887475
103,Los Angeles Unified,64733,1935865,James Monroe High,70,44.2,0.706802053886
104,Mt. Diablo Unified,61754,731646,College Park High,23,61.1304347826,0.706974540128
105,Campbell Union High,69401,4336137,Prospect High,27,41.037037037,0.764052462527
106,Shasta Union High,70136,4532750,Enterprise High,39,46.358974359,0.295739575316
107,San Francisco Unified,68478,3830288,Balboa High,621,60.3172302738,0.857183118439
108,Mt. Diablo Unified,61754,737809,Ygnacio Valley High,11,27.0,0.699944842802
109,Fresno Unified,62166,1030675,Sunnyside High,1230,27.156097561,0.568887253098
110,San Diego Unified,68338,107029,San Diego International Studi,11,82.0,0.703490464196
111,Clovis Unified,62117,1030683,Clovis East High,559,43.2504472272,0.398396767466
112,Los Angeles Unified,64733,1933852,Alexander Hamilton Senior Hig,50,70.04,0.816042024447
113,East Side Union High,69427,4330015,Yerba Buena High,630,48.1603174603,0.796362220492
114,Lodi Unified,68585,3934759,Tokay High,133,25.3458646617,0.41589295467
115,Claremont Unified,64394,1931823,Claremont High,88,73.875,0.593502314996
116,Yuba City Unified,71464,5139001,Yuba City High,191,39.2303664921,0.402011581835
117,Garden Grove Unified,66522,3035706,Rancho Alamitos High,549,61.3661202186,0.61663399608
118,Merced Union High,65789,2433605,Livingston High,189,62.5555555556,0.572062084257
119,San Diego Unified,68338,107078,Kearny Digital Media & Design,12,50.0,0.63646714996
120,San Diego Unified,68338,107086,Kearny SCT,36,75.0277777778,0.63646714996
121,West Contra Costa Unified,61796,732941,El Cerrito Senior High,153,34.5816993464,0.889901823282
122,San Lorenzo Unified,61309,137810,San Lorenzo High,58,27.775862069,0.789598540146
123,San Diego Unified,68338,107094,Kearny International Business,108,67.7592592593,0.63646714996
124,Los Angeles Unified,64733,1931864,Grover Cleveland High,355,75.8535211268,0.695140327745
125,San Jose Unified,69666,4330080,Gunderson High,46,56.4347826087,0.726104035234
126,Sacramento City Unified,67439,3431012,Burbank (Luther) High,876,23.2237442922,0.810262114997
127,Escondido Union High,68106,3735313,Orange Glen High,11,82.0,0.369605142332
128,ABC Unified,64212,1931880,Whitney (Gretchen) High,85,98.7647058824,0.669346150659
129,Garden Grove Unified,66522,3035581,Pacifica High,139,78.4028776978,0.475728758779
130,Santa Rosa High,70920,4930160,Allen (Elsie) High,27,59.1111111111,0.688666300768
131,Sweetwater Union High,68411,3738226,Sweetwater High,11,64.0,0.754522217853
132,San Francisco Unified,68478,3830387,Asawa (Ruth) San Francisco Sc,23,73.7826086957,0.886606782398
133,San Francisco Unified,68478,3830403,Marshall (Thurgood) High,453,35.6026490066,0.868364791399
134,Escondido Union High,68106,3730058,San Pasqual High,11,45.0,0.515933646186
135,Corona-Norco Unified,67033,3330701,Santiago High,71,67.4647887324,0.432162875041
136,Poway Unified,68296,3730074,Mt. Carmel High,45,71.2222222222,0.590174713507
137,West Contra Costa Unified,61796,735902,Richmond High,47,31.8936170213,0.886746643816
138,Los Angeles Unified,64733,1938885,University Senior High,127,64.5826771654,0.816501215559
139,Perris Union High,67207,3330727,Paloma Valley High,23,65.5652173913,0.445681281176
140,San Diego Unified,68338,107177,Crawford Multimedia and Visua,70,28.6571428571,0.727572685539
141,San Diego Unified,68338,107185,Crawford CHAMPS,126,42.1825396825,0.727572685539
142,Los Angeles Unified,64733,1995448,Francisco Bravo Medical Magne,190,85.1947368421,0.870950978694
143,San Diego Unified,68338,107193,Crawford Law and Business,49,18.1224489796,0.727572685539
144,Mt. Diablo Unified,61754,731836,Concord High,23,56.6956521739,0.66013560674
145,San Diego Unified,68338,107201,Crawford IDEA,80,35.2125,0.727572685539
146,Oakland Unified,61259,101063,College Prep. and Architecture,23,25.8260869565,0.92997246108
147,Fresno Unified,62166,1032911,Herbert Hoover High,261,33.1149425287,0.574914546145
148,Los Angeles Unified,64733,1934033,Hollywood Senior High,11,82.0,0.869295923769
149,Oakland Unified,61259,137943,Skyline High,311,47.0482315113,0.773475898939
150,Oakland Unified,61259,135905,Oakland High,852,34.0281690141,0.925277728796
151,Chaffey Joint Union High,67652,3633906,Montclair High,124,62.814516129,0.684804437219
152,Fremont Unified,61176,134270,Irvington High,194,60.8969072165,0.722321695016
153,Baldwin Park Unified,64287,1938166,Sierra Vista High,137,62.9562043796,0.761875699318
154,San Diego Unified,68338,3730173,Serra High,163,65.2392638037,0.582085269983
155,Folsom-Cordova Unified,67330,3433216,Folsom High,23,69.5217391304,0.496486605182
156,Glendale Unified,64568,1934082,Herbert Hoover High,52,61.5384615385,0.657273715262
157,San Diego Unified,68338,3730181,Mira Mesa High,391,60.1483375959,0.620477794411
158,Huntington Beach Union High,66548,3030145,Ocean View High,54,67.0,0.540354981437
159,Long Beach Unified,64725,1995539,Calif Acad Math and Science,34,100.0,0.641695637546
160,Visalia Unified,72256,5430046,Golden West High,29,34.4137931034,0.464601769912
161,Los Angeles Unified,64733,1936160,Nathaniel Narbonne Senior Hig,25,71.84,0.690962980886
162,Woodland Joint Unified,72710,101162,Pioneer High,60,46.6333333333,0.420741989882
163,Riverside Unified,67215,3330859,Martin Luther King Jr. High,65,73.7538461538,0.529643427355
164,Newport-Mesa Unified,66597,3031853,Costa Mesa High,28,71.1428571429,0.47624178429
165,Twin Rivers Unified,76505,3433265,Foothill High,16,56.0,0.542284984841
166,Long Beach Unified,64725,1995570,Educational Partnership High,17,0.0,0.727155394941
167,Covina-Valley Unified,64436,1932086,Covina High,31,61.3870967742,0.70250079139
168,Jefferson Union High,68924,4137790,Westmoor High,201,61.2686567164,0.776695791369
169,Placentia-Yorba Linda Unified,66647,3038023,Valencia High,72,75.0416666667,0.503782332845
170,ABC Unified,64212,1930056,Cerritos High,261,75.0191570881,0.669346150659
171,Monterey Peninsula Unified,66092,111435,Marina High,38,39.3947368421,0.751621643813
172,Central Unified,73965,1030626,Central High East Campus,544,31.1819852941,0.586681844052
173,Fremont Union High,69468,4334421,Lynbrook High,58,72.6551724138,0.737441286522
174,Huntington Beach Union High,66548,3031895,Edison High,11,73.0,0.472830529622
175,Rowland Unified,73452,1936228,Nogales High,29,51.7586206897,0.765904748425
176,Glendale Unified,64568,1932144,Crescenta Valley High,189,77.4021164021,0.601872599232
177,San Bernardino City Unified,67876,3636081,San Gorgonio High,82,51.0731707317,0.563017261764
178,Oakland Unified,61259,136051,Oakland Technical High,357,44.649859944,0.855087197935
179,Fremont Union High,69468,4334462,Monta Vista High,24,74.9583333333,0.810852120749
180,Manteca Unified,68593,3935103,Manteca High,14,71.0,0.507855822551
181,Los Angeles Unified,64733,119685,New Open World Academy,15,67.0,0.808906182447
182,Milpitas Unified,73387,4334470,Milpitas High,659,63.9787556904,0.761451562984
183,San Diego Unified,68338,3730314,University City High,91,64.8461538462,0.535812574977
184,Poway Unified,68296,118935,Del Norte High,15,73.0,0.480098943108
185,Los Angeles Unified,64733,119693,UCLA Community,69,44.8985507246,0.823566084788
186,Orange Unified,66621,3031952,El Modena High,23,74.0434782609,0.581574185766
187,San Francisco Unified,68478,3834769,O'Connell (John) Alternative,29,65.5172413793,0.927743252017
188,Orange Unified,66621,3038098,Villa Park High,14,93.0,0.455688854489
189,Clovis Unified,62117,113555,Clovis North High,46,67.5,0.405669291339
190,Torrance Unified,65060,1936277,North High,241,64.377593361,0.695008146941
191,Live Oak Unified,71399,5135256,Live Oak High,53,56.6226415094,0.486523370863
192,Modesto City High,71175,5034905,Modesto High,220,32.6045454545,0.624695161083
193,Sacramento City Unified,67439,3435419,McClatchy (C. K.) High,435,44.2574712644,0.813576409309
194,San Diego Unified,68338,3734431,Mission Bay High,12,58.0,0.655699070927
195,San Jose Unified,69666,4333522,Leland High,11,100.0,0.769055225924
196,Culver City Unified,64444,1932201,Culver City High,33,48.2727272727,0.783232413541
197,Montebello Unified,64808,1930155,Schurr High,175,71.9771428571,0.737907992804
198,Los Angeles Unified,64733,119727,Ramon C. Cortines School of V,73,60.2602739726,0.854956965253
199,Alhambra Unified,75713,1930163,Alhambra High,1328,69.4141566265,0.663436301232
200,Torrance Unified,65060,1938356,South High,81,70.4444444444,0.613316134154
201,Fremont Union High,69468,4332474,Fremont High,100,57.08,0.813534708103
202,Visalia Unified,72256,5434527,Redwood High,80,51.4125,0.573157315732
203,Mt. Diablo Unified,61754,730044,Northgate High,12,42.0,0.675010429704
204,Vallejo City Unified,70581,4830147,Bethel (Jesse M.) High,24,45.5,0.737650351766
205,Covina-Valley Unified,64436,1938372,South Hills High,24,70.8333333333,0.70250079139
206,Garden Grove Unified,66522,3033933,Los Amigos High,305,53.5409836066,0.534994634553
207,Oakland Unified,61259,115667,Oakland International High,155,2.63225806452,0.949256342957
208,Fairfield-Suisun Unified,70540,4830170,Rodriguez (Angelo) High,24,46.0,0.658152554234
209,Los Angeles Unified,64733,1936350,North Hollywood Senior High,106,86.9245283019,0.806232062321
210,Ceres Unified,71043,5030879,Ceres High,57,63.2631578947,0.549878345499
211,Anaheim Union High,66431,3033784,Loara High,213,62.2535211268,0.639949943388
212,Los Angeles Unified,64733,117747,Los Angeles High School of th,12,58.0,0.823566084788
213,Roseville Joint Union High,66928,3136504,Roseville High,17,59.0,0.465835086665
214,Moreno Valley Unified,67124,3331071,Vista del Lago High,12,50.0,0.553964887475
215,Los Angeles Unified,64733,117762,School for the Visual Arts and,39,33.3076923077,0.823566084788
216,West Contra Costa Unified,61796,732164,De Anza Senior High,59,45.6271186441,0.8259762309
217,Newark Unified,61234,130054,Newark Memorial High,73,57.4383561644,0.786626940927
218,Fremont Unified,61176,130062,American High,256,51.37890625,0.759161490683
219,Anaheim Union High,66431,3030038,Cypress High,265,85.5962264151,0.555395524042
220,South Pasadena Unified,65029,1938455,South Pasadena Senior High,144,77.7361111111,0.803680981595
221,Orange Unified,66621,3030046,Canyon High,11,73.0,0.425349254663
222,Anaheim Union High,66431,3038239,Western High,151,72.1721854305,0.639949943388
223,San Gabriel Unified,75291,1995810,Gabrielino High,940,68.2446808511,0.733281579239
224,Arcadia Unified,64261,1930288,Arcadia High,484,71.5929752066,0.641412361689
225,San Francisco Unified,68478,119875,S.F. International High,183,14.7868852459,0.927743252017
226,San Diego Unified,68338,3732997,Hoover High,407,32.8771498771,0.727572685539
227,El Monte Union High,64519,1930320,Arroyo High,708,69.0353107345,0.779574617683
228,Garden Grove Unified,66522,3030103,"Hare (Marie L.) High, Cont.",37,13.3783783784,0.61663399608
229,Anaheim Union High,66431,3034204,Magnolia High,181,48.2044198895,0.639949943388
230,San Bernardino City Unified,67876,3632221,Cajon High,44,66.0909090909,0.526741940276
231,Huntington Beach Union High,66548,3032158,Fountain Valley High,585,77.4376068376,0.534994634553
232,Hayward Unified,61192,138339,Tennyson High,39,46.1538461538,0.811079667267
233,Kern Union High,63529,1530385,Ridgeview High,138,40.7608695652,0.441355674029
234,San Francisco Unified,68478,3839081,Washington (George) High,1144,54.0979020979,0.859501229364
235,Folsom-Cordova Unified,67330,3431533,Cordova High,124,63.0,0.513401072086
236,Santa Clara Unified,69674,4338802,Wilcox (Adrian) High,249,47.7710843373,0.761659933896
237,ABC Unified,64212,1930361,Artesia High,20,65.0,0.684382665576
238,Pomona Unified,64907,1995901,Diamond Ranch High,48,64.625,0.694546617624
239,San Diego Unified,68338,3734654,Morse High,11,55.0,0.762409667101
240,Castro Valley Unified,61150,132225,Castro Valley High,252,59.9126984127,0.748513127992
241,Long Beach Unified,64725,1934470,Jordan High,145,29.5517241379,0.777751852068
242,Irvine Unified,73650,3030152,Irvine High,81,65.4938271605,0.612091204127
243,Chaffey Joint Union High,67652,3630225,Alta Loma High,22,50.0,0.475426024151
244,San Francisco Unified,68478,119958,Academy of Arts and Sciences,12,83.0,0.886606782398
245,Downey Unified,64451,1932441,Downey High,12,100.0,0.687788741231
246,Long Beach Unified,64725,1995935,Cabrillo High,30,37.0666666667,0.737823921668
247,Los Angeles Unified,64733,1938612,William Howard Taft Senior Hi,99,62.6363636364,0.705670515605
248,Alameda City Unified,61119,130229,Alameda High,432,55.0578703704,0.891270112975
249,East Side Union High,69427,4330692,Evergreen Valley High,388,57.9355670103,0.800276490201
250,Manteca Unified,68593,101576,Weston Ranch High,120,45.8916666667,0.507855822551
251,Yuba City Unified,71464,107722,River Valley High,415,36.0289156627,0.436825813714
252,Kerman Unified,73999,1033430,Kerman High,46,47.9130434783,0.604410751206
253,Alhambra Unified,75713,1934553,Mark Keppel High,1687,70.5370480142,0.663436301232
254,East Side Union High,69427,4330023,Santa Teresa High,67,61.3432835821,0.723253757737
255,Huntington Beach Union High,66548,3038445,Westminster High,1124,67.3274021352,0.601399900892
256,Fairfield-Suisun Unified,70540,4830451,Armijo High,26,46.1538461538,0.649664153932
257,Monterey Peninsula Unified,66092,2735348,Seaside High,15,53.0,0.674866063713
258,Temple City Unified,65052,1938679,Temple City High,873,71.5395189003,0.638942123419
259,Los Angeles Unified,64733,1932540,Eagle Rock High,38,79.0526315789,0.735197132616
260,Merced Union High,65789,2430205,Buhach High,226,48.5309734513,0.48679338435
261,San Marcos Unified,73791,105726,Mission Hills High,12,83.0,0.485431302545
262,Irvine Unified,73650,3030285,Woodbridge High,35,74.0,0.612091204127
263,East Side Union High,69427,4330031,Independence High,1140,49.5324561404,0.800276490201
264,Elk Grove Unified,67314,3430618,Sheldon High,604,43.1142384106,0.599445599446
265,Chaffey Joint Union High,67652,3630373,Etiwanda High,43,74.4418604651,0.52787952788
266,Huntington Beach Union High,66548,3034410,Marina High,181,74.5966850829,0.482646691635
267,San Diego Unified,68338,3732781,Henry High,256,60.0390625,0.645101219439
268,Chaffey Joint Union High,67652,3634482,Ontario High,30,73.6666666667,0.673227478223
269,Fremont Unified,61176,134452,Kennedy (John F.) High,165,60.2121212121,0.722321695016
270,Chico Unified,61424,437558,Pleasant Valley High,38,55.5789473684,0.611191139281
271,Torrance Unified,65060,1938752,Torrance High,73,69.8904109589,0.680197090568
272,Twin Rivers Unified,76505,3433794,Grant Union High,535,27.1644859813,0.606024488027
273,Eureka City Schools,75515,1232206,Eureka Senior High,131,32.0916030534,0.640475500145
274,El Monte Union High,64519,1995661,South El Monte High,34,64.7647058824,0.805658056581
275,Long Beach Unified,64725,1934678,Lakewood High,174,50.5977011494,0.627080240644
276,Antioch Unified,61648,730465,Deer Valley High,74,56.972972973,0.720506845325
277,Mt. Diablo Unified,61754,734566,Mt. Diablo High,42,36.2857142857,0.702267303103
278,Palo Alto Unified,69641,4332904,Gunn (Henry M.) High,13,54.0,0.827596198424
279,San Diego Unified,68338,114025,Lincoln High,112,30.4642857143,0.749366595206
280,El Monte Union High,64519,1932664,El Monte High,390,65.1794871795,0.771187739464
281,San Francisco Unified,68478,3830254,Burton (Phillip and Sala) Aca,336,46.6101190476,0.852908045296
282,Marysville Joint Unified,72736,5830013,Lindhurst High,272,24.5257352941,0.366328600406
283,El Monte Union High,64519,1932680,Mountain View High,113,66.5309734513,0.779574617683
284,Garden Grove Unified,66522,3036555,Santiago High,365,60.1232876712,0.670002021427
285,Albany City Unified,61127,130450,Albany High,92,43.5217391304,0.893089005236
286,San Francisco Unified,68478,3833241,Lincoln (Abraham) High,1148,54.4851916376,0.825506052539
287,San Juan Unified,67447,3435930,Mira Loma High,80,74.05,0.613677778969
288,Kern Union High,63529,1535392,South High,13,46.0,0.608172969093
289,Garden Grove Unified,66522,3030434,Bolsa Grande High,1142,69.6015761821,0.646395958811
290,Fullerton Joint Union High,66514,3032505,Fullerton Un. High,11,64.0,0.607724006762
291,Chino Valley Unified,67678,3630522,Ruben S. Ayala High,73,70.1232876712,0.56642519685
292,Elk Grove Unified,67314,105916,Monterey Trail High,858,48.0058275058,0.53358802929
293,East Side Union High,69427,4332995,Hill (Andrew P.) High,666,50.6426426426,0.775708680997
294,San Diego Unified,68338,3730884,Scripps Ranch High,179,76.4301675978,0.602946365561
295,Fremont Unified,61176,138693,Washington High,125,52.872,0.759161490683
296,Los Angeles Unified,64733,124362,Valley Academy of Arts and Sc,11,82.0,0.607977991747
297,Modesto City High,71175,5031380,Davis (Grace M.) High,49,39.1020408163,0.557129407737
298,Santa Ana Unified,66670,3030491,Century High,25,44.24,0.465191146881
299,West Contra Costa Unified,61796,730598,Hercules High,45,55.3111111111,0.796276929513
300,Chaffey Joint Union High,67652,3630571,Rancho Cucamonga High,95,74.6631578947,0.475426024151
301,Del Norte County Unified,61820,833004,Del Norte High,101,35.4851485149,0.407816091954
302,San Bernardino City Unified,67876,3634680,Pacific High,58,50.0,0.563017261764
303,Baldwin Park Unified,64287,1930601,Baldwin Park High,94,63.7978723404,0.761875699318
304,Rialto Unified,67850,3630597,Rialto High,11,82.0,0.797048080953
305,New Haven Unified,61242,134668,James Logan High,485,40.2845360825,0.816524839006
306,Anaheim Union High,66431,3030616,Oxford Academy,205,96.6487804878,0.555395524042
307,Pleasanton Unified,75101,130583,Amador Valley High,12,58.0,0.670665009323
308,Los Angeles Unified,64733,1938968,Van Nuys Senior High,372,80.7258064516,0.765187419216
309,Anaheim Union High,66431,3036712,Savanna High,102,52.9509803922,0.685525159022
310,Ceres Unified,71043,108076,Central Valley High,95,58.9052631579,0.549878345499
311,Capistrano Unified,66464,3030574,Aliso Niguel High,17,94.0,0.504467148292
312,Los Angeles Unified,64733,1932847,Los Angeles Center for Enrich,266,89.2781954887,0.740799366838
313,San Jose Unified,69666,4337200,San Jose High,27,55.7777777778,0.824879227053
314,Long Beach Unified,64725,1936947,Polytechnic High,1009,39.8652130823,0.836324705586
315,Rocklin Unified,75085,108084,Whitney High,14,71.0,0.451236019092
316,Fresno Unified,62166,1035831,Roosevelt High,313,22.428115016,0.73596287703
317,Chico Unified,61424,431676,Chico High,132,30.3712121212,0.611191139281
318,Walnut Valley Unified,73460,1932862,Diamond Bar High,222,78.3468468468,0.57246031746
319,San Francisco Unified,68478,3833407,Lowell High,1166,89.1946826758,0.826167975509
320,West Covina Unified,65094,122432,Edgewood High,13,77.0,0.718396082032
321,Dublin Unified,75093,132704,Dublin High,13,62.0,0.700857618296
322,Centinela Valley Union High,64352,1934926,Lawndale High,55,59.7636363636,0.75959933222
323,Sacramento City Unified,67439,101972,Rosemont High,51,54.7058823529,0.620729256388
324,Los Angeles Unified,64733,1932888,Downtown Business High,342,73.7397660819,0.854956965253
325,Los Angeles Unified,64733,1939040,Venice Senior High,31,58.3548387097,0.805606900801
326,East Side Union High,69427,4335204,Oak Grove High,398,43.6306532663,0.723253757737
327,Lincoln Unified,68569,3933801,Lincoln High,136,55.2941176471,0.594881537774
328,Los Angeles Unified,64733,1932920,Fairfax Senior High,436,62.5527522936,0.843086361491
329,Irvine Unified,73650,3030657,Northwood High,11,73.0,0.627551020408
330,Turlock Unified,75739,5037700,Turlock High,36,44.5,0.616432613708
331,Merced Union High,65789,2430601,Atwater High,101,50.4455445545,0.48679338435
332,Moreno Valley Unified,67124,3333770,Moreno Valley High,24,70.8333333333,0.600726019361
333,Jefferson Union High,68924,4133393,Jefferson High,13,54.0,0.809661649299
334,San Mateo Union High,69047,4134557,Mills High,128,71.640625,0.766854127612
335,Los Angeles Unified,64733,1939107,Verdugo Hills Senior High,35,68.7142857143,0.645780856423
336,Kern Union High,63529,116392,Independence High,40,52.4,0.815833333333
337,Los Angeles Unified,64733,1930924,Belmont Senior High,39,46.1025641026,0.868001251173
338,Garden Grove Unified,66522,3032752,Garden Grove High,608,64.9391447368,0.646146252027
339,Los Angeles Unified,64733,1932987,John H. Francis Polytechnic,64,61.375,0.750625360785
340,Lodi Unified,68585,108225,Ronald E. McNair High,843,28.0367734282,0.568053440739
341,Victor Valley Union High,67934,3630787,Silverado High,15,60.0,0.562874603361
342,Centinela Valley Union High,64352,1935048,Leuzinger High,48,31.0416666667,0.75959933222
343,Walnut Valley Unified,73460,1939149,Walnut High,243,77.3127572016,0.622432392493
344,Fresno Unified,62166,1031897,Edison High,372,44.5080645161,0.443277310924
345,Downey Unified,64451,1939164,Warren High,24,66.7083333333,0.687788741231
346,Roseville Joint Union High,66928,116459,Antelope High,116,45.4482758621,0.514728477984
347,Antioch Unified,61648,730861,Antioch High,23,30.2608695652,0.671317619435
348,Los Angeles Unified,64733,1933043,Benjamin Franklin Senior High,28,60.9642857143,0.820382855174
349,Redondo Beach Unified,75341,1937143,Redondo Union High,12,83.0,0.71605516872
350,Fremont Union High,69468,4333316,Homestead High,146,61.7808219178,0.810852120749
351,Sacramento City Unified,67439,3430154,"American Legion High, Cont.",17,6.0,0.82850064232
352,San Diego Unified,68338,3731213,Clairemont High,27,74.1111111111,0.604657849339
353,Alameda City Unified,61119,132878,Encinal High,277,45.1660649819,0.891270112975
354,Los Angeles Unified,64733,1935121,Abraham Lincoln Senior High,619,58.1082390953,0.854827231755
355,Elk Grove Unified,67314,3430170,Valley High,433,38.2794457275,0.810262114997
356,San Lorenzo Unified,61309,130849,Arroyo High,233,68.3261802575,0.789598540146
357,East Side Union High,69427,4334900,Mt. Pleasant High,153,55.9346405229,0.790654620853
358,Santa Clara Unified,69674,4330122,Santa Clara High,150,48.6,0.761659933896
359,Sanger Unified,62414,1036094,Sanger High,307,46.4951140065,0.374449339207
360,East Side Union High,69427,4335428,Overfelt (William C.) Hig,124,40.9516129032,0.796362220492
361,Fullerton Joint Union High,66514,3030855,Buena Park High,60,58.3666666667,0.624969158648
362,Los Angeles Unified,64733,1937226,Reseda Senior High,34,55.8235294118,0.695140327745
363,Santa Ana Unified,66670,108365,Segerstrom High,165,84.3515151515,0.673099513341
364,Natomas Unified,75283,102236,Inderkum High,251,42.9641434263,0.673297678059
365,Redlands Unified,67843,3635042,Redlands Senior High,246,57.7357723577,0.560438237419
366,Los Angeles Unified,64733,117051,Edward R. Roybal Learning Cen,39,33.2820512821,0.868001251173
367,ABC Unified,64212,1933159,Gahr (Richard) High,105,59.7238095238,0.669346150659
368,Davis Joint Unified,72678,5732201,Davis Senior High,31,51.3225806452,0.521778584392
369,Stockton Unified,68676,3937406,Stagg Senior High,150,30.1666666667,0.594881537774
370,Modesto City High,71175,5031802,Thomas Downey High,15,40.0,0.503361941726
371,Fresno Unified,62166,1030295,Duncan (Erma) Polytechnical Hi,478,25.6213389121,0.538850876371
372,Center Joint Unified,73973,3430378,Center High,42,38.3333333333,0.514728477984
373,Twin Rivers Unified,76505,3434370,Highlands High,12,33.0,0.512501104338
374,Hacienda la Puente Unified,73445,1935246,Los Altos High,90,63.2444444444,0.629021981523
375,Alameda City Unified,61119,106401,Alameda Science and Technolog,35,62.8857142857,0.891270112975
376,Fullerton Joint Union High,66514,3037090,Sonora High,11,82.0,0.532154474935
377,Chino Valley Unified,67678,3631017,Chino Hills High,58,70.8620689655,0.56642519685
378,Los Angeles Unified,64733,1933233,Sherman Oaks Center for Enric,50,87.96,0.695140327745
379,San Mateo Union High,69047,4130738,Capuchino High,25,47.8,0.773506840174
380,Los Angeles Unified,64733,1933241,Gardena Senior High,27,85.2962962963,0.739858156028
381,Stockton Unified,68676,3932100,Edison High,215,21.0651162791,0.651608986035
382,Chaffey Joint Union High,67652,3631058,Los Osos High,71,74.8450704225,0.432260912753
383,San Francisco Unified,68478,3831765,Galileo High,1653,54.6170598911,0.904845733346
384,Fowler Unified,62158,1032150,Fowler High,29,37.6896551724,0.46937099688
385,Alvord Unified,66977,3330008,La Sierra High,94,59.4893617021,0.641564318035
386,Irvine Unified,73650,3035102,University High,48,79.1041666667,0.631859982201
387,Anaheim Union High,66431,3033057,Katella High,16,44.0,0.570533680443
388,Washington Unified,76778,1038306,Washington High,162,26.9691358025,0.443277310924
389,Fresno Unified,62166,1034214,McLane High,644,20.7748447205,0.638969873664
390,Riverside Unified,67215,3330024,Arlington High,23,78.347826087,0.512108731466
391,San Bernardino City Unified,67876,3631082,Arroyo Valley,12,58.0,0.736587270597
392,Los Angeles Unified,64733,1935352,Los Angeles Senior High,56,35.6428571429,0.855435342607
393,Madera Unified,65243,2035707,Madera High,11,27.0,0.589822329458
